,id_właściciela,Imię,Nazwisko,PESEL,Telefon,Email
0,0,Andrzej,Wróblewski,97052821778,962061404,andrzej.wróblewski695@onet.pl
1,1,Krystian,Cemka,66092318814,887846414,krystian.cemka280@wp.pl
2,2,Rafał,Grajewski,46051766739,227521863,rafał.grajewski194@wp.pl
3,3,Marian,Mścisz,49021418191,523734972,marian.mścisz863@yahoo.com
4,4,Jordan,Samofał,51051514954,515968276,jordan.samofał194@gmail.com
5,5,Ryszard,Wojtasiak,67031747539,770094950,ryszard.wojtasiak666@onet.pl
6,6,Józef,Zdziarski,58122481991,941095289,józef.zdziarski92@onet.pl
7,7,Andrzej,Michalak,96101652455,769991378,andrzej.michalak671@yahoo.com
8,8,Stanisław,Kotowski,40060138297,529389014,stanisław.kotowski945@interia.pl
9,9,Józef,Gołaś,64120481154,349467210,józef.gołaś60@interia.pl
10,10,Roman,Kolak,40121047214,998717130,roman.kolak633@gmail.com
11,11,Bogdan,Smyrnov,52122967697,598972759,bogdan.smyrnov50@gmail.com
12,12,Mariusz,Pawłowicz,35111239113,459525748,mariusz.pawłowicz402@o2.pl
13,13,Krzysztof,Sikora,93122465419,534285667,krzysztof.sikora788@yahoo.com
14,14,Marek,Kostecki,95042993216,713608295,marek.kostecki4@interia.pl
15,15,Bronisław,Taraszkowski,54070385819,993664919,bronisław.taraszkowski465@wp.pl
16,16,Marcin,Bagiński,75111373211,748061058,marcin.bagiński603@onet.pl
17,17,Robert,Mazurowski,57120624377,188409749,robert.mazurowski681@gmail.com
18,18,Romuald,Naciasta,59042276179,342285876,romuald.naciasta828@onet.pl
19,19,Piotr,Szymański,36110938911,454088427,piotr.szymański533@onet.pl
20,20,Artur,Tkach,92082055896,909827741,artur.tkach404@o2.pl
21,21,Artem,Goduń,34050859536,103344769,artem.goduń837@interia.pl
22,22,Jakub,Skrzypek,93031824932,880932287,jakub.skrzypek512@gmail.com
23,23,Kacper,Zmuda,38032011497,887716372,kacper.zmuda644@onet.pl
24,24,Emil,Olsson,92042285895,604579232,emil.olsson232@gmail.com
25,25,Paweł,Tomczak,68022417817,332968651,paweł.tomczak523@wp.pl
26,26,Szymon,Kolbusz,68040984951,579546681,szymon.kolbusz345@o2.pl
27,27,Franciszek,Sztandarski,89022697117,206328085,franciszek.sztandarski45@wp.pl
28,28,Karol,Traczyński,36092164999,130349564,karol.traczyński545@gmail.com
29,29,Kamil,Goc,64100145917,881447915,kamil.goc944@gmail.com
30,30,Marcin,Strzelecki,93101945875,199052376,marcin.strzelecki77@interia.pl
31,31,Józef,Latocha,46022365354,277077808,józef.latocha729@onet.pl
32,32,Mariusz,Pacek,61050986795,206406362,mariusz.pacek812@onet.pl
33,33,Kamil,Kuleta,29052112235,580404538,kamil.kuleta922@wp.pl
34,34,Wojciech,Płaczek,84080435796,743647998,wojciech.płaczek72@o2.pl
35,35,Oskar,Gątarz,95082385453,699121577,oskar.gątarz793@yahoo.com
36,36,Leszek,Bluj,40062743455,300427519,leszek.bluj248@onet.pl
37,37,Łukasz,Gładysz,42082861933,281009883,łukasz.gładysz46@interia.pl
38,38,Jarosław,Sibiński,82101785853,599770319,jarosław.sibiński120@wp.pl
39,39,Stanisław,Jarząbek,02280739999,985063869,stanisław.jarząbek213@wp.pl
40,40,Robert,Waśko,99062422691,489151677,robert.waśko238@yahoo.com
41,41,Mateusz,Dawidowski,82112014173,251079598,mateusz.dawidowski55@interia.pl
42,42,Daniel,Machniak,25010297415,608464061,daniel.machniak349@o2.pl
43,43,Wojciech,Zdanowicz,90080742699,957592370,wojciech.zdanowicz106@interia.pl
44,44,Jerzy,Gach,26062181457,668919915,jerzy.gach830@o2.pl
45,45,Adrian,Buchała,81021754558,161136438,adrian.buchała47@interia.pl
46,46,Zbigniew,Bała,27062146938,496917567,zbigniew.bała572@interia.pl
47,47,Tymon,Boldyriev,82012419111,299502978,tymon.boldyriev336@gmail.com
48,48,Michał,Janowski,47051048191,572190436,michał.janowski25@wp.pl
49,49,Arkadiusz,Dorota,22121667171,561901618,arkadiusz.dorota803@interia.pl
50,50,Maciej,Rapacz,99041451612,874414982,maciej.rapacz256@yahoo.com
51,51,Maciej,Regulski,72031029691,832395540,maciej.regulski7@interia.pl
52,52,Henryk,Łyczek,28060638757,961137736,henryk.łyczek624@onet.pl
53,53,Szymon,Politowski,39100854251,379394470,szymon.politowski866@wp.pl
54,54,Maciej,Dutka,32100932534,156972561,maciej.dutka252@onet.pl
55,55,Piotr,Nowak,64043024935,954206851,piotr.nowak691@wp.pl
56,56,Andrzej,Kalinowski,84083027572,925500248,andrzej.kalinowski718@onet.pl
57,57,Wiesław,Guja,83062321999,371820813,wiesław.guja302@interia.pl
58,58,Szymon,Szefer,26071874151,350814705,szymon.szefer638@interia.pl
59,59,Filip,Jamróg,58070559298,681609465,filip.jamróg55@gmail.com
60,60,Gustaw,Kobelski,39110563918,334564360,gustaw.kobelski725@yahoo.com
61,61,Roman,Strugarek,69040127339,168574553,roman.strugarek525@onet.pl
62,62,Krzysztof,Nowakowski,33112728492,519498548,krzysztof.nowakowski473@o2.pl
63,63,Łukasz,Bogdański,45112464997,891274835,łukasz.bogdański27@gmail.com
64,64,Sławomir,Wolff,27042525333,916698734,sławomir.wolff982@onet.pl
65,65,Jakub,Masłowski,41081226471,887110843,jakub.masłowski77@onet.pl
66,66,Stepan,Stukonis,38050647115,624150214,stepan.stukonis215@gmail.com
67,67,Alexander,Ceremus,03252069199,572432043,alexander.ceremus385@interia.pl
68,68,Bogusław,Szotkiewicz,51112674476,457319431,bogusław.szotkiewicz364@onet.pl
69,69,Kamil,Świętochowski,51071932491,247697582,kamil.świętochowski665@interia.pl
70,70,Eugeniusz,Hejne,53012221334,844595490,eugeniusz.hejne525@gmail.com
71,71,Paweł,Pawlik,92121194892,784275917,paweł.pawlik698@interia.pl
72,72,Łukasz,Kapuściński,53092672497,705850704,łukasz.kapuściński311@wp.pl
73,73,Jerzy,Kuliś,78020767838,137709731,jerzy.kuliś882@o2.pl
74,74,Arkadiusz,Cyga,61061556774,882698033,arkadiusz.cyga6@onet.pl
75,75,Jacek,Szaniawski,64060664217,798027879,jacek.szaniawski2@yahoo.com
76,76,Paweł,Wolski,36101159651,123027075,paweł.wolski622@o2.pl
77,77,Mateusz,Wilczewski,39030256534,365047041,mateusz.wilczewski918@interia.pl
78,78,Grzegorz,Grela,90081786533,852288765,grzegorz.grela749@onet.pl
79,79,Łukasz,Rożek,84010135255,186191493,łukasz.rożek362@interia.pl
80,80,Jan,Bednarz,22020246112,993102645,jan.bednarz750@wp.pl
81,81,Maciej,Dutka,65060284953,300619113,maciej.dutka507@gmail.com
82,82,Robert,Drzymała,71082972675,390770691,robert.drzymała273@onet.pl
83,83,Waldemar,Hołtyn,57011591175,893943861,waldemar.hołtyn505@wp.pl
84,84,Radosław,Karda,00262161853,234489564,radosław.karda805@wp.pl
85,85,Szymon,Błachnio,57070299339,496360081,szymon.błachnio738@onet.pl
86,86,Jerzy,Kłusek,46120935154,207944665,jerzy.kłusek882@interia.pl
87,87,Waldemar,Ciesielczuk,96060945856,957937451,waldemar.ciesielczuk14@yahoo.com
88,88,Cezary,Rębała,21080573798,913891745,cezary.rębała191@wp.pl
89,89,Karol,Kaszyca,67070252834,723415497,karol.kaszyca984@o2.pl
90,90,Radosław,Konowałek,46062361811,722028733,radosław.konowałek630@wp.pl
91,91,Ludwik,Korotynskyi,61042714511,858744035,ludwik.korotynskyi484@yahoo.com
92,92,Krzysztof,Kaczmarek,73110858113,520477197,krzysztof.kaczmarek27@interia.pl
93,93,Oliwier,Patzer,78082832231,838194223,oliwier.patzer713@interia.pl
94,94,Stanisław,Rudziński,63050156497,428740110,stanisław.rudziński38@o2.pl
95,95,Kamil,Korona,24031131531,480072391,kamil.korona952@wp.pl
96,96,Radosław,Rapita,51102313796,402554573,radosław.rapita272@interia.pl
97,97,Adrian,Kisiołek,26112847274,941739990,adrian.kisiołek230@yahoo.com
98,98,Paweł,Milewski,39050618855,189482491,paweł.milewski85@onet.pl
99,99,Daniel,Marszalik,88052752137,294249720,daniel.marszalik473@gmail.com
100,100,Andrzej,Walczak,63060952179,423541287,andrzej.walczak125@gmail.com
101,101,Wojciech,Matyja,82113038752,506019796,wojciech.matyja811@gmail.com
102,102,Edward,Śmiejkowski,23040758333,695614415,edward.śmiejkowski536@wp.pl
103,103,Rafał,Maliński,41103129876,191693393,rafał.maliński144@o2.pl
104,104,Artur,Kutnik,46081337378,270476398,artur.kutnik524@interia.pl
105,105,Marian,Zabdyr,92122835978,438175028,marian.zabdyr211@onet.pl
106,106,Hubert,Kemski,67102925312,472593431,hubert.kemski24@yahoo.com
107,107,Bartłomiej,Pardyka,02300246517,558502041,bartłomiej.pardyka579@onet.pl
108,108,Piotr,Kowalski,35121393496,232862715,piotr.kowalski393@yahoo.com
109,109,Maciej,Mączyński,34080353293,559708603,maciej.mączyński66@wp.pl
110,110,Jerzy,Opala,52072283197,283378299,jerzy.opala232@gmail.com
111,111,Krzysztof,Olszewski,56051532793,211665644,krzysztof.olszewski108@wp.pl
112,112,Ryszard,Piasta,31082918257,705264936,ryszard.piasta145@o2.pl
113,113,Mirosław,Grzeliński,43021982939,298743196,mirosław.grzeliński110@o2.pl
114,114,Igor,Cajler,20111419797,324184334,igor.cajler227@yahoo.com
115,115,Kornel,Petrushko,83032373412,809816108,kornel.petrushko110@interia.pl
116,116,Paweł,Nowacki,93060187778,420192576,paweł.nowacki469@interia.pl
117,117,Jakub,Lasota,35020759595,167157848,jakub.lasota33@yahoo.com
118,118,Daniel,Rzeźniczek,23091817799,844753672,daniel.rzeźniczek622@o2.pl
119,119,Paweł,Ciesielski,24031633156,195540567,paweł.ciesielski775@o2.pl
120,120,Jakub,Walkowiak,28022533391,722261376,jakub.walkowiak935@o2.pl
121,121,Jarosław,Orman,40030675618,953477355,jarosław.orman368@wp.pl
122,122,Jan,Bednarski,88050287718,286780295,jan.bednarski747@o2.pl
123,123,Krystian,Pachel,97050141111,123717335,krystian.pachel594@onet.pl
124,124,Maksymilian,Wiejacki,70033079614,160472382,maksymilian.wiejacki553@gmail.com
125,125,Piotr,Jankowski,81011666296,381154698,piotr.jankowski424@o2.pl
126,126,Tadeusz,Kaszewski,92093084917,954021618,tadeusz.kaszewski612@yahoo.com
127,127,Radosław,Szymczakowski,86040575177,988445520,radosław.szymczakowski517@gmail.com
128,128,Simon,Zentarski,38102263139,272552610,simon.zentarski691@wp.pl
129,129,Stanisław,Bąkowski,30033158939,191355424,stanisław.bąkowski281@yahoo.com
130,130,Jan,Kasprzyk,85093032233,555094650,jan.kasprzyk319@gmail.com
131,131,Oliwier,Klukiewicz,97021885495,418019332,oliwier.klukiewicz737@yahoo.com
132,132,Emil,Pasztak,39121772617,857206505,emil.pasztak442@wp.pl
133,133,Marcin,Gil,63092654638,565856742,marcin.gil951@onet.pl
134,134,Robert,Baj,80090996557,748870905,robert.baj314@wp.pl
135,135,Adrian,Średniawa,95092374191,597653800,adrian.średniawa876@wp.pl
136,136,Marcel,Kołpaczyński,84061293771,808496411,marcel.kołpaczyński965@yahoo.com
137,137,Jan,Kozieł,66101815439,585775494,jan.kozieł740@interia.pl
138,138,Przemysław,Kosk,79061677759,529662408,przemysław.kosk376@o2.pl
139,139,Konrad,Arkit,88032541779,629561415,konrad.arkit288@o2.pl
140,140,Kacper,Buława,62121323897,956634123,kacper.buława436@onet.pl
141,141,Jan,Marszałek,96050641171,447454369,jan.marszałek661@onet.pl
142,142,Krzysztof,Kwiatkowski,89042015555,509783328,krzysztof.kwiatkowski276@o2.pl
143,143,Marek,Trela,60050365997,372981039,marek.trela709@interia.pl
144,144,Konrad,Blach,76122994637,618910454,konrad.blach581@o2.pl
145,145,Krzysztof,Zając,62041043594,361917078,krzysztof.zając502@interia.pl
146,146,Piotr,Kowalski,52110837593,825167677,piotr.kowalski623@onet.pl
147,147,Wojciech,Bocheński,24032071337,422909911,wojciech.bocheński515@gmail.com
148,148,Krzysztof,Pawlak,61110158579,812631076,krzysztof.pawlak349@yahoo.com
149,149,Jan,Majchrzak,38040283695,492121003,jan.majchrzak842@onet.pl
150,150,Piotr,Szymański,92102446514,690804839,piotr.szymański445@onet.pl
151,151,Szymon,Krzanowski,36050416896,206179285,szymon.krzanowski829@wp.pl
152,152,Filip,Gojny,94091362695,689324250,filip.gojny349@wp.pl
153,153,Maciej,Kocoń,39111922851,363038498,maciej.kocoń606@wp.pl
154,154,Paweł,Wawrzyniak,20030765935,670916578,paweł.wawrzyniak663@yahoo.com
155,155,Grzegorz,Ławniczak,59041926679,613653348,grzegorz.ławniczak822@wp.pl
156,156,Sławomir,Glanc,69121165117,524831618,sławomir.glanc136@interia.pl
157,157,Lesław,Chwarzyński,43101734155,146321408,lesław.chwarzyński758@o2.pl
158,158,Abdallah,Vetushynskyi,56110253416,363183577,abdallah.vetushynskyi898@gmail.com
159,159,Adam,Pakuła,28032751871,190053374,adam.pakuła242@onet.pl
160,160,Piotr,Wiśniewski,35050667653,126063245,piotr.wiśniewski542@interia.pl
161,161,Igor,Wancerz,54100277251,273660954,igor.wancerz39@gmail.com
162,162,Borys,Fimowicz,30081638591,197636744,borys.fimowicz228@interia.pl
163,163,Jerzy,Kijowski,31091971458,862532878,jerzy.kijowski547@interia.pl
164,164,Leszek,Havrylenko,83120382975,576272473,leszek.havrylenko919@onet.pl
165,165,Witold,Trusiuk,30072152457,209174313,witold.trusiuk222@o2.pl
166,166,Mirosław,Droździel,65011887518,913194107,mirosław.droździel5@wp.pl
167,167,Włodzimierz,Manzel,21012711878,563390156,włodzimierz.manzel321@yahoo.com
168,168,Piotr,Szymański,30040976872,966377394,piotr.szymański467@o2.pl
169,169,Stanisław,Pilch,46081113732,234987326,stanisław.pilch731@yahoo.com
170,170,Stanisław,Dąbkowski,75112597191,726049887,stanisław.dąbkowski74@onet.pl
171,171,Tomasz,Kowalewski,42102971914,685878246,tomasz.kowalewski3@onet.pl
172,172,Lech,Matunin,73072053311,376406835,lech.matunin846@onet.pl
173,173,Piotr,Kozłowski,47081767372,371766524,piotr.kozłowski645@gmail.com
174,174,Karol,Wałachowski,89111948131,136810847,karol.wałachowski117@yahoo.com
175,175,Andrzej,Michalak,75022813215,939735171,andrzej.michalak880@o2.pl
176,176,Wojciech,Bałdyga,38121678718,776742877,wojciech.bałdyga605@o2.pl
177,177,Maciej,Siwik,94012569239,698424036,maciej.siwik503@interia.pl
178,178,Michał,Gołębiewski,80051232292,548469222,michał.gołębiewski997@interia.pl
179,179,Szymon,Bernaciak,44021327894,788839404,szymon.bernaciak946@interia.pl
180,180,Tadeusz,Machnicki,26041513318,271116174,tadeusz.machnicki573@onet.pl
181,181,Łukasz,Lasek,80022134255,123841962,łukasz.lasek440@o2.pl
182,182,Arkadiusz,Kornowski,31040265319,972141340,arkadiusz.kornowski193@yahoo.com
183,183,Jan,Łukasik,48042447513,928299788,jan.łukasik846@onet.pl
184,184,Michał,Klimczak,92123137475,430626207,michał.klimczak714@gmail.com
185,185,Mateusz,Neumann,45031887451,524623942,mateusz.neumann391@interia.pl
186,186,Mariusz,Ptaszyński,75042672678,270731194,mariusz.ptaszyński25@onet.pl
187,187,Marcin,Biernat,90070121491,936594930,marcin.biernat434@onet.pl
188,188,Natan,Bogurski,22020494256,792440149,natan.bogurski172@gmail.com
189,189,Igor,Sierko,65031356317,660355099,igor.sierko299@wp.pl
190,190,Tomasz,Gajewski,40122817937,871795521,tomasz.gajewski644@o2.pl
191,191,Wojciech,Łysiak,94121621873,634096553,wojciech.łysiak325@yahoo.com
192,192,Jakub,Piórkowski,30100925219,349625132,jakub.piórkowski409@wp.pl
193,193,Robert,Falkiewicz,98022746837,295995197,robert.falkiewicz117@interia.pl
194,194,Stanisław,Niedźwiecki,80020264451,672964792,stanisław.niedźwiecki835@onet.pl
195,195,Józef,Żołnowski,71042584593,553094388,józef.żołnowski786@gmail.com
196,196,Ihor,Chajecki,55040299639,621669253,ihor.chajecki723@gmail.com
197,197,Mariusz,Biedrzycki,35112737894,987059227,mariusz.biedrzycki224@o2.pl
198,198,Patryk,Rosłoniec,37081598591,330519835,patryk.rosłoniec531@wp.pl
199,199,Sławomir,Działak,35031453154,901312299,sławomir.działak112@o2.pl
200,200,Franciszek,Pałubski,88051946973,815154771,franciszek.pałubski139@onet.pl
201,201,Krzysztof,Malinowski,70112942538,712286237,krzysztof.malinowski558@o2.pl
202,202,Dominik,Budak,53071983453,672434365,dominik.budak0@yahoo.com
203,203,Alex,Pesel,28120182675,268973642,alex.pesel89@gmail.com
204,204,Artur,Sibilski,43022388833,419309439,artur.sibilski653@gmail.com
205,205,Marek,Kuliński,28091368153,346703609,marek.kuliński319@interia.pl
206,206,Karol,Królikiewicz,60110286392,624363766,karol.królikiewicz549@interia.pl
207,207,Wiesław,Dziemidowicz,26112538479,727457371,wiesław.dziemidowicz804@onet.pl
208,208,Daniel,Kubski,35072321999,556545752,daniel.kubski893@yahoo.com
209,209,Paweł,Milewski,50072416892,392072678,paweł.milewski138@wp.pl
210,210,Nazarii,Lushch,55071298692,773573053,nazarii.lushch510@o2.pl
211,211,Gustaw,Karallus,74092092199,572669408,gustaw.karallus867@onet.pl
212,212,Maciej,Łagowski,81101387256,195057280,maciej.łagowski844@interia.pl
213,213,Sławomir,Kupski,74052959254,734324250,sławomir.kupski258@o2.pl
214,214,Krzysztof,Kaczmarek,52111716611,860672189,krzysztof.kaczmarek672@interia.pl
215,215,Anil,Dupljak,96071313976,102235000,anil.dupljak901@o2.pl
216,216,Mieczysław,Banasz,86110943655,392121203,mieczysław.banasz689@wp.pl
217,217,Henryk,Łagocki,59031541435,540529868,henryk.łagocki9@onet.pl
218,218,Bartłomiej,Gmitruk,29071472596,575584232,bartłomiej.gmitruk260@o2.pl
219,219,Michał,Rudnicki,75022384694,335283714,michał.rudnicki918@yahoo.com
220,220,Łukasz,Rzepecki,49050419219,129859174,łukasz.rzepecki649@gmail.com
221,221,Adam,Bartosik,35012199677,807191493,adam.bartosik171@yahoo.com
222,222,Sławomir,Zaczyński,46050289796,146159303,sławomir.zaczyński897@yahoo.com
223,223,Andrzej,Kucharski,81010552132,246412954,andrzej.kucharski12@gmail.com
224,224,Serhii,Borawiak,98062789157,819024776,serhii.borawiak167@yahoo.com
225,225,Jerzy,Turkiewicz,49082296552,926506464,jerzy.turkiewicz641@o2.pl
226,226,Robert,Pala,75092846436,614817842,robert.pala595@o2.pl
227,227,Tomasz,Laskowski,26081631412,183375337,tomasz.laskowski320@o2.pl
228,228,Kazimierz,Michalkiewicz,29022772737,476304299,kazimierz.michalkiewicz318@gmail.com
229,229,Mieczysław,Dynarski,90010331294,928540878,mieczysław.dynarski612@yahoo.com
230,230,Damian,Wojtanowicz,67072852292,822804538,damian.wojtanowicz328@gmail.com
231,231,Adam,Filipek,64121179171,414404213,adam.filipek784@o2.pl
232,232,Wiktor,Cielniak,62122819276,180705119,wiktor.cielniak776@yahoo.com
233,233,Paweł,Stefański,48120596319,349546199,paweł.stefański970@yahoo.com
234,234,Władysław,Zonenberg,54092272915,971959784,władysław.zonenberg910@interia.pl
235,235,Janusz,Siedlaczek,92111646497,760721331,janusz.siedlaczek919@interia.pl
236,236,Marek,Grudzień,46042032193,588035440,marek.grudzień549@wp.pl
237,237,Dawid,Czyszczoń,82020612999,378710077,dawid.czyszczoń418@onet.pl
238,238,Damian,Czerniakowski,25091141636,116816569,damian.czerniakowski605@interia.pl
239,239,Adam,Stachura,62102832631,107654909,adam.stachura94@gmail.com
240,240,Bogusław,Pospiszył,98122082273,943120422,bogusław.pospiszył816@interia.pl
241,241,Maciej,Kułak,00260842477,318520688,maciej.kułak580@wp.pl
242,242,Julian,Żubka,45091647758,736028516,julian.żubka317@yahoo.com
243,243,Oskar,Jagielak,89100263911,249638768,oskar.jagielak955@wp.pl
244,244,Tomasz,Konieczny,74030447438,258428240,tomasz.konieczny235@yahoo.com
245,245,Patryk,Pałyska,23100463674,172073914,patryk.pałyska945@yahoo.com
246,246,Łukasz,Sułkowski,81121089211,570575216,łukasz.sułkowski333@onet.pl
247,247,Franciszek,Giertuga,40122455755,111506305,franciszek.giertuga884@interia.pl
248,248,Ryszard,Grygier,25100235738,791648731,ryszard.grygier375@gmail.com
249,249,Jerzy,Klepacz,64080822295,321099573,jerzy.klepacz458@gmail.com
250,250,Serhii,Tyca,96021033839,241951830,serhii.tyca136@o2.pl
251,251,Krzysztof,Dudek,64122999677,223035620,krzysztof.dudek929@yahoo.com
252,252,Kacper,Mysłek,75041452419,508327903,kacper.mysłek587@gmail.com
253,253,Grzegorz,Mularczyk,72041195238,779746784,grzegorz.mularczyk994@onet.pl
254,254,Krzysztof,Kwiatkowski,87123045178,677034624,krzysztof.kwiatkowski546@yahoo.com
255,255,Franciszek,Linde,74040555673,876124029,franciszek.linde512@onet.pl
256,256,Bartosz,Godyń,87051186736,722318721,bartosz.godyń295@gmail.com
257,257,Serhii,Chomin,36020732919,232863028,serhii.chomin319@gmail.com
258,258,Artur,Salawa,48091198293,949472217,artur.salawa917@o2.pl
259,259,Mateusz,Bartosiewicz,67041343972,327174085,mateusz.bartosiewicz571@gmail.com
260,260,Hlib,Lozhchenko,53110597191,498129398,hlib.lozhchenko831@yahoo.com
261,261,Tomasz,Górecki,89060911718,839316547,tomasz.górecki348@yahoo.com
262,262,Krzysztof,Jabłoński,61110168138,447262390,krzysztof.jabłoński839@yahoo.com
263,263,Aleksander,Jesionka,75021911211,149905866,aleksander.jesionka778@o2.pl
264,264,Wojciech,Guzek,36061722995,613911991,wojciech.guzek872@o2.pl
265,265,Wojciech,Borecki,47011317471,328233509,wojciech.borecki228@gmail.com
266,266,Oliwier,Gudzik,38081544636,605874711,oliwier.gudzik269@wp.pl
267,267,Grzegorz,Góralczyk,77112768412,668249203,grzegorz.góralczyk827@wp.pl
268,268,Norbert,Szmeja,28062221153,673505733,norbert.szmeja797@o2.pl
269,269,Patryk,Kóska,40083186732,739196117,patryk.kóska290@gmail.com
270,270,Grzegorz,Półtorak,40080511157,253651082,grzegorz.półtorak724@wp.pl
271,271,Krzysztof,Jaworski,91052797677,385322750,krzysztof.jaworski164@gmail.com
272,272,Adam,Mierzejewski,59081943713,487791599,adam.mierzejewski4@gmail.com
273,273,Pavel,Wojdygowski,37052443996,307640719,pavel.wojdygowski850@gmail.com
274,274,Zbigniew,Matkowski,85010999731,466371424,zbigniew.matkowski378@interia.pl
275,275,Jan,Grzelak,37111449251,747326920,jan.grzelak77@yahoo.com
276,276,Marek,Studziński,49120242897,403998075,marek.studziński409@gmail.com
277,277,Andrii,Radziwoń,32040142297,135213498,andrii.radziwoń573@interia.pl
278,278,Jan,Marszałek,50012375995,901090885,jan.marszałek131@o2.pl
279,279,Waldemar,Rurek,49080283473,941009615,waldemar.rurek600@wp.pl
280,280,Paweł,Kot,88091161651,275127900,paweł.kot748@yahoo.com
281,281,Oleg,Ordzowiały,93062987192,565397506,oleg.ordzowiały41@wp.pl
282,282,Tadeusz,Zygadło,51022392811,490382227,tadeusz.zygadło88@yahoo.com
283,283,Krzysztof,Grabowski,66062421999,426241019,krzysztof.grabowski401@wp.pl
284,284,Romuald,Krzejszczak,95070986556,862633146,romuald.krzejszczak295@yahoo.com
285,285,Wojciech,Wiatr,80031882914,171244178,wojciech.wiatr839@wp.pl
286,286,Aleksander,Radzimowski,21110336494,151939266,aleksander.radzimowski294@wp.pl
287,287,Szymon,Plewka,48120227219,355555070,szymon.plewka615@wp.pl
288,288,Andrzej,Kalinowski,76021398637,523767187,andrzej.kalinowski525@wp.pl
289,289,Tomasz,Ziółkowski,25071252994,723512415,tomasz.ziółkowski799@o2.pl
290,290,Jan,Majchrzak,36072064655,513075142,jan.majchrzak690@gmail.com
291,291,Jan,Owczarek,47051426474,848898099,jan.owczarek636@onet.pl
292,292,Krzysztof,Jabłoński,57041068614,918291176,krzysztof.jabłoński421@interia.pl
293,293,Krzysztof,Król,63021359995,920071328,krzysztof.król864@onet.pl
294,294,Pavlo,Maior,33020868378,733816999,pavlo.maior22@onet.pl
295,295,Andrzej,Kucharski,03221818593,687273855,andrzej.kucharski574@yahoo.com
296,296,Dawid,Zabawa,44092648652,176241446,dawid.zabawa142@gmail.com
297,297,Tomasz,Leszczyński,00211788755,901999185,tomasz.leszczyński992@yahoo.com
298,298,Marcin,Bartczak,29061789596,476712039,marcin.bartczak664@gmail.com
299,299,Mikołaj,Sychowicz,47030758932,690647936,mikołaj.sychowicz144@gmail.com
300,300,Bruno,Zacharzowski,01261623313,854583306,bruno.zacharzowski224@wp.pl
301,301,Kamil,Oliinyk,46092986138,491127003,kamil.oliinyk502@o2.pl
302,302,Piotr,Kowalski,21060935978,587365080,piotr.kowalski961@wp.pl
303,303,Zhandar,Trianov,77090541917,997955761,zhandar.trianov973@o2.pl
304,304,Krzysztof,Król,21072243313,850303382,krzysztof.król820@yahoo.com
305,305,Dariusz,Jasiak,84021919976,278017694,dariusz.jasiak615@o2.pl
306,306,Ryszard,Gdaniec,50122173177,646918365,ryszard.gdaniec103@yahoo.com
307,307,Gabriel,Perdyła,96042353714,940887593,gabriel.perdyła946@onet.pl
308,308,Hubert,Dral,24030976795,134109026,hubert.dral38@onet.pl
309,309,Mirosław,Nurek,91022448112,787126267,mirosław.nurek946@o2.pl
310,310,Dariusz,Szpakowski,42090191677,851425679,dariusz.szpakowski197@o2.pl
311,311,Czesław,Łakus,62021241617,388717145,czesław.łakus645@yahoo.com
312,312,Sylwester,Wociór,41123068735,337085688,sylwester.wociór578@wp.pl
313,313,Włodzimierz,Welon,95040492595,171450611,włodzimierz.welon390@yahoo.com
314,314,Adrian,Zazula,41112425776,227348283,adrian.zazula178@wp.pl
315,315,Tomasz,Czarnecki,80050165779,146510960,tomasz.czarnecki967@onet.pl
316,316,Łukasz,Mackiewicz,43092416971,499873327,łukasz.mackiewicz553@gmail.com
317,317,Jacek,Karkoszka,66021121698,732286859,jacek.karkoszka447@o2.pl
318,318,Dawid,Grzegorzek,33022584179,350368452,dawid.grzegorzek499@wp.pl
319,319,Czesław,Bożemski,37031672133,746040612,czesław.bożemski14@yahoo.com
320,320,Jakub,Cebula,54041191636,669668767,jakub.cebula622@onet.pl
321,321,Przemysław,Pazdro,23062091131,671666426,przemysław.pazdro668@wp.pl
322,322,Mariusz,Ziaja,84080462877,910490870,mariusz.ziaja288@yahoo.com
323,323,Waldemar,Węgrzycki,93021076932,482380040,waldemar.węgrzycki477@o2.pl
324,324,Michał,Augustyniak,58081722319,224001512,michał.augustyniak230@o2.pl
325,325,Kamil,Zabrocki,92101133273,526101858,kamil.zabrocki922@interia.pl
326,326,Tomasz,Zakrzewski,20070115772,960530322,tomasz.zakrzewski419@gmail.com
327,327,Marcin,Kubik,51060397713,515156431,marcin.kubik156@interia.pl
328,328,Gracjan,Martychowiec,44032817155,731833730,gracjan.martychowiec549@onet.pl
329,329,Łukasz,Brzeski,24052222773,556659347,łukasz.brzeski440@wp.pl
330,330,Julian,Konopelko,65072247472,688781719,julian.konopelko96@onet.pl
331,331,Szymon,Rabenda,60122495533,763607349,szymon.rabenda996@yahoo.com
332,332,Krzysztof,Krawczyk,76110151651,228314487,krzysztof.krawczyk410@o2.pl
333,333,Zdzisław,Siwczyński,68070539994,691718048,zdzisław.siwczyński950@interia.pl
334,334,Krzysztof,Jabłoński,70102291952,710021271,krzysztof.jabłoński288@interia.pl
335,335,Władysław,Pilaszek,01261154677,533484403,władysław.pilaszek253@interia.pl
336,336,Piotr,Wiśniewski,36071664634,461378378,piotr.wiśniewski195@onet.pl
337,337,Karol,Wyłupek,37121726155,897296240,karol.wyłupek597@o2.pl
338,338,Jan,Bednarz,83060886593,794190023,jan.bednarz833@wp.pl
339,339,Mateusz,Matczak,47090784971,251786915,mateusz.matczak521@yahoo.com
340,340,Oliver,Jadwiński,84122569494,738035365,oliver.jadwiński516@wp.pl
341,341,Jacek,Mirosław,42021083718,825799015,jacek.mirosław634@onet.pl
342,342,Daniel,Nijak,95122667457,557109331,daniel.nijak841@yahoo.com
343,343,Arkadiusz,Obacz,89010832638,446546429,arkadiusz.obacz864@interia.pl
344,344,Tomasz,Baranowski,71042037916,139501026,tomasz.baranowski117@gmail.com
345,345,Eugeniusz,Zabilski,87120977816,625200495,eugeniusz.zabilski805@onet.pl
346,346,Dmytro,Kondrot,91091385693,535816957,dmytro.kondrot908@onet.pl
347,347,Jan,Pająk,97103147679,916616920,jan.pająk158@o2.pl
348,348,Ryszard,Jakóbczak,96022647318,802234722,ryszard.jakóbczak814@wp.pl
349,349,Marek,Stachowicz,02321043276,121739356,marek.stachowicz227@onet.pl
350,350,Arkadiusz,Kurczaba,79111148631,245689489,arkadiusz.kurczaba876@onet.pl
351,351,Piotr,Dąbrowski,99062624932,790665343,piotr.dąbrowski215@interia.pl
352,352,Dawid,Paśko,88091631671,337785965,dawid.paśko947@interia.pl
353,353,Zdzisław,Opatowski,49122828293,309310033,zdzisław.opatowski695@yahoo.com
354,354,Aleksander,Kosiacki,96112661273,924183605,aleksander.kosiacki14@gmail.com
355,355,Tomasz,Makowski,91061892534,952225186,tomasz.makowski156@o2.pl
356,356,Czesław,Chodera,51070587579,752668623,czesław.chodera647@gmail.com
357,357,Jakub,Cebula,94111128478,855593187,jakub.cebula260@yahoo.com
358,358,Konrad,Wylotek,81050759397,177633091,konrad.wylotek156@interia.pl
359,359,Józef,Witt,67031247671,423839252,józef.witt46@wp.pl
360,360,Jan,Rogowski,57092572894,868037679,jan.rogowski323@interia.pl
361,361,Aleksander,Giżewski,58090677413,600229623,aleksander.giżewski843@o2.pl
362,362,Konrad,Bubicz,93102228476,742668415,konrad.bubicz684@interia.pl
363,363,Filip,Zagała,44091842996,526161286,filip.zagała129@o2.pl
364,364,Augustyn,Skatulla,40062189772,776942224,augustyn.skatulla410@o2.pl
365,365,Adam,Świerczyński,95072289817,349369215,adam.świerczyński94@o2.pl
366,366,Jakub,Szafrański,84062971559,393383200,jakub.szafrański626@yahoo.com
367,367,Jan,Milewski,36031461411,282708911,jan.milewski754@o2.pl
368,368,Ryszard,Miazek,58032366793,502330059,ryszard.miazek931@o2.pl
369,369,Dariusz,Piechowski,70020225314,137856186,dariusz.piechowski291@wp.pl
370,370,Wojciech,Sakowski,57051115232,605585522,wojciech.sakowski793@gmail.com
371,371,Jerzy,Daszkiewicz,68030587191,685544149,jerzy.daszkiewicz810@onet.pl
372,372,Stanisław,Przybył,80103198912,165293686,stanisław.przybył282@gmail.com
373,373,Piotr,Nowak,49051594177,101983509,piotr.nowak68@o2.pl
374,374,Kamil,Ignatowicz,81070531155,485992349,kamil.ignatowicz659@wp.pl
375,375,Maria,Zalewska,22092484364,714600044,maria.zalewska10@interia.pl
376,376,Kamila,Uruska,00302888647,710085301,kamila.uruska253@wp.pl
377,377,Beata,Paluszkiewicz,73052529748,770439175,beata.paluszkiewicz841@o2.pl
378,378,Marianna,Chodorska,66022724326,663236122,marianna.chodorska871@wp.pl
379,379,Vita,Biełowa,57100894844,891967770,vita.biełowa549@wp.pl
380,380,Irena,Olkiewicz,50112679443,292463073,irena.olkiewicz133@o2.pl
381,381,Alicja,Stojek,39100677829,529833492,alicja.stojek711@yahoo.com
382,382,Maria,Szewczyk,58091499881,111326237,maria.szewczyk22@wp.pl
383,383,Elżbieta,Adamczak,90110417423,723214176,elżbieta.adamczak814@onet.pl
384,384,Alicja,Pilarz,39030784628,430299675,alicja.pilarz345@onet.pl
385,385,Emilia,Selwa,58051722583,825523310,emilia.selwa301@wp.pl
386,386,Mariola,Mitrut,51070559268,590345952,mariola.mitrut362@yahoo.com
387,387,Natalia,Skrzypiec,02272815146,938562244,natalia.skrzypiec395@interia.pl
388,388,Maria,Witkowska,77010142561,232166290,maria.witkowska217@o2.pl
389,389,Joanna,Kujawska,32040611469,409255683,joanna.kujawska140@onet.pl
390,390,Eugenia,Zarakowska,59121593663,204436258,eugenia.zarakowska615@interia.pl
391,391,Krystyna,Cieśla,72040299247,179688895,krystyna.cieśla957@wp.pl
392,392,Dorota,Ilnicka,65102796743,724798768,dorota.ilnicka209@interia.pl
393,393,Lilianna,Dagan,22052169566,287276799,lilianna.dagan984@gmail.com
394,394,Anna,Szymańska,39103166865,860684560,anna.szymańska992@onet.pl
395,395,Urszula,Plaskota,22122145344,918013403,urszula.plaskota622@wp.pl
396,396,Natasza,Gęsioła,77111164523,975866588,natasza.gęsioła615@o2.pl
397,397,Magdalena,Wnuk,22081523867,226960685,magdalena.wnuk827@yahoo.com
398,398,Paulina,Nieradka,84072915785,808087156,paulina.nieradka682@wp.pl
399,399,Eugenia,Rainczuk,26032761962,673352453,eugenia.rainczuk459@o2.pl
400,400,Małgorzata,Żak,76072719483,616077666,małgorzata.żak355@yahoo.com
401,401,Grażyna,Antosiak,32020234826,166385640,grażyna.antosiak323@yahoo.com
402,402,Dominika,Hubka,97032521447,972186916,dominika.hubka132@wp.pl
403,403,Izabela,Padewska,48060264929,865872407,izabela.padewska887@interia.pl
404,404,Jadwiga,Syrek,30032489245,446819932,jadwiga.syrek804@interia.pl
405,405,Ewa,Strzelecka,66113076981,865295088,ewa.strzelecka839@yahoo.com
406,406,Janina,Szydełko,23011844384,326623789,janina.szydełko126@interia.pl
407,407,Danuta,Kuna,29052676843,410493790,danuta.kuna105@gmail.com
408,408,Jadwiga,Kata,83103169724,542422240,jadwiga.kata603@yahoo.com
409,409,Danuta,Korczyńska,93021826667,423609715,danuta.korczyńska798@yahoo.com
410,410,Laura,Gryszpanowicz,60040364124,290906558,laura.gryszpanowicz377@o2.pl
411,411,Amelia,Nyckowska,35061224742,339216892,amelia.nyckowska904@interia.pl
412,412,Zofia,Sułkowska,30100994561,680240340,zofia.sułkowska50@yahoo.com
413,413,Zuzanna,Staś,82051134963,919956639,zuzanna.staś28@gmail.com
414,414,Joanna,Malik,27051984163,534378710,joanna.malik461@o2.pl
415,415,Dorota,Pieczonka,94122823885,179348896,dorota.pieczonka295@wp.pl
416,416,Teresa,Szewczuk,46012327926,387427839,teresa.szewczuk296@yahoo.com
417,417,Patrycja,Gomoła,93081389966,827965823,patrycja.gomoła725@gmail.com
418,418,Danuta,Ziaja,78062893788,626936081,danuta.ziaja778@onet.pl
419,419,Halina,Tomasiak,38122699349,343959576,halina.tomasiak406@gmail.com
420,420,Klaudia,Potulska,78121157583,721445097,klaudia.potulska768@gmail.com
421,421,Karolina,Stefańczyk,21092764386,899528670,karolina.stefańczyk813@o2.pl
422,422,Żaneta,Bozik,72062075687,504642357,żaneta.bozik612@wp.pl
423,423,Barbara,Michałowska,64102928345,941941561,barbara.michałowska404@onet.pl
424,424,Stanisława,Warcholińska,94061879581,873166402,stanisława.warcholińska345@interia.pl
425,425,Marta,Piekut,67062068881,400910439,marta.piekut621@interia.pl
426,426,Marta,Grzegorek,95112525561,402434989,marta.grzegorek419@gmail.com
427,427,Agata,Gliwińska,31032636149,517369879,agata.gliwińska181@o2.pl
428,428,Grażyna,Musik,21082459461,997299057,grażyna.musik982@o2.pl
429,429,Karolina,Balcer,99042582762,593952287,karolina.balcer824@interia.pl
430,430,Anna,Nowak,44012784727,835055790,anna.nowak0@onet.pl
431,431,Katarzyna,Kucharska,45120418746,566634390,katarzyna.kucharska830@wp.pl
432,432,Martyna,Gzella,68022612427,701656257,martyna.gzella949@onet.pl
433,433,Grażyna,Zychowicz,29102723949,117882750,grażyna.zychowicz566@yahoo.com
434,434,Ewelina,Wojtulewicz,88071889867,178725274,ewelina.wojtulewicz370@yahoo.com
435,435,Marzenna,Ludnicka,88071392448,294521577,marzenna.ludnicka935@wp.pl
436,436,Aneta,Zjawińska,57062292223,647063169,aneta.zjawińska910@interia.pl
437,437,Maria,Wróbel,80062434946,411603161,maria.wróbel660@wp.pl
438,438,Zofia,Wajda,65120935667,523783527,zofia.wajda430@o2.pl
439,439,Wiktoria,Laszczyk,93121741183,946176160,wiktoria.laszczyk968@yahoo.com
440,440,Magdalena,Krysiak,47012339928,686784136,magdalena.krysiak308@gmail.com
441,441,Oleksandra,Andryjenko,58040724165,969662506,oleksandra.andryjenko136@gmail.com
442,442,Liudmyla,Zębska,43032842862,997265909,liudmyla.zębska201@interia.pl
443,443,Ilona,Grządko,70010564766,570260911,ilona.grządko435@o2.pl
444,444,Jadwiga,Kuczek,20072552821,326860070,jadwiga.kuczek312@onet.pl
445,445,Olga,Gieszcz,53051625843,287225564,olga.gieszcz116@o2.pl
446,446,Małgorzata,Nowacka,62080383967,299759529,małgorzata.nowacka665@gmail.com
447,447,Zofia,Wajda,21080165423,354954230,zofia.wajda936@gmail.com
448,448,Halina,Kuźnicka,90071295744,829203225,halina.kuźnicka802@yahoo.com
449,449,Stanisława,Broczkowska,80071796284,358185058,stanisława.broczkowska574@o2.pl
450,450,Janina,Wichrowska,72102673967,126658609,janina.wichrowska243@o2.pl
451,451,Agnieszka,Wolska,26122485963,602821784,agnieszka.wolska536@gmail.com
452,452,Teresa,Sitko,25112236189,578947735,teresa.sitko601@onet.pl
453,453,Zofia,Szymaniak,72112553989,801112844,zofia.szymaniak74@interia.pl
454,454,Aleksandra,Jakubczyk,28091448642,450444347,aleksandra.jakubczyk805@interia.pl
455,455,Barbara,Matusiak,65051521944,148715257,barbara.matusiak385@o2.pl
456,456,Karolina,Balcer,33050749768,122268806,karolina.balcer902@interia.pl
457,457,Dorota,Grzęda,67050267144,106512440,dorota.grzęda209@gmail.com
458,458,Wiesława,Antonova,31080834261,649302307,wiesława.antonova474@gmail.com
459,459,Lidia,Dydyńska,59110219824,307426220,lidia.dydyńska417@o2.pl
460,460,Grażyna,Woroniecka,25032728823,934400275,grażyna.woroniecka346@o2.pl
461,461,Halina,Wojewódzka,56101458581,744090176,halina.wojewódzka528@yahoo.com
462,462,Wiesława,Śmierzyńska,52111118482,404688903,wiesława.śmierzyńska639@o2.pl
463,463,Marcelina,Pospuła,75010789926,967441151,marcelina.pospuła938@onet.pl
464,464,Emilia,Rosłan,22120633643,730431725,emilia.rosłan954@interia.pl
465,465,Lucyna,Tużnik,32042266766,296678031,lucyna.tużnik875@o2.pl
466,466,Yuliia,Dobiała,34050197544,318049165,yuliia.dobiała762@wp.pl
467,467,Anna,Kaczmarek,91110719423,701318347,anna.kaczmarek178@yahoo.com
468,468,Władysława,Marzuchowska,86032167823,686766194,władysława.marzuchowska181@wp.pl
469,469,Joanna,Niedźwiecka,78112333486,477936342,joanna.niedźwiecka663@gmail.com
470,470,Jadwiga,Kras,43082891847,218613134,jadwiga.kras24@interia.pl
471,471,Lidia,Maksimczyk,52030379546,639374683,lidia.maksimczyk966@o2.pl
472,472,Klaudia,Garlej,69010667685,438722145,klaudia.garlej179@wp.pl
473,473,Agnieszka,Stefańska,37062454984,503649345,agnieszka.stefańska709@interia.pl
474,474,Maja,Łasocha,78070473763,909490207,maja.łasocha500@gmail.com
475,475,Maria,Walczak,84061416262,436210646,maria.walczak855@onet.pl
476,476,Teresa,Szlachta,40070665442,838846654,teresa.szlachta160@yahoo.com
477,477,Wioletta,Blaźniak,01302949329,254370901,wioletta.blaźniak176@interia.pl
478,478,Marta,Białowąs,33021762763,435663154,marta.białowąs284@interia.pl
479,479,Urszula,Surdyk,88013184162,765898681,urszula.surdyk62@onet.pl
480,480,Marzena,Kleniewska,57020621746,283157310,marzena.kleniewska661@interia.pl
481,481,Daria,Kicia,82121716725,256943484,daria.kicia665@gmail.com
482,482,Lena,Łozicka,37021079243,481966485,lena.łozicka155@gmail.com
483,483,Anna,Kowalska,30102339144,490125881,anna.kowalska881@onet.pl
484,484,Marta,Żelazna,79022648466,574184249,marta.żelazna468@yahoo.com
485,485,Halina,Stasiuk,03240526428,230997589,halina.stasiuk48@o2.pl
486,486,Maria,Majewska,75123096867,101079600,maria.majewska966@wp.pl
487,487,Irena,Krzeszowska,87093069141,260409267,irena.krzeszowska848@o2.pl
488,488,Renata,Widłak,61031221745,266793897,renata.widłak83@interia.pl
489,489,Genowefa,Szrom,35010631166,411817029,genowefa.szrom360@wp.pl
490,490,Marzanna,Kuminiarczyk,48050313387,328773646,marzanna.kuminiarczyk688@onet.pl
491,491,Małgorzata,Brzozowska,99021832989,573265205,małgorzata.brzozowska147@onet.pl
492,492,Magdalena,Wnuk,60121669564,259267818,magdalena.wnuk629@yahoo.com
493,493,Maja,Prygiel,97010469242,645720763,maja.prygiel341@wp.pl
494,494,Małgorzata,Kopeć,87061283526,429214564,małgorzata.kopeć475@gmail.com
495,495,Krystyna,Kaczorowska,02260172341,195534048,krystyna.kaczorowska62@wp.pl
496,496,Zuzanna,Mytych,63010695987,434444807,zuzanna.mytych700@interia.pl
497,497,Barbara,Lisowska,85071232183,185871668,barbara.lisowska359@gmail.com
498,498,Kamila,Oczadły,62070682348,192526139,kamila.oczadły560@onet.pl
499,499,Sabina,Kopijka,31081355224,627810564,sabina.kopijka326@wp.pl
500,500,Anna,Mazur,88010521728,990197094,anna.mazur768@o2.pl
501,501,Iwona,Lorenz,44043048722,466564547,iwona.lorenz735@yahoo.com
502,502,Lidia,Repińska,27080591145,495236101,lidia.repińska140@o2.pl
503,503,Ola,Grekova,03211144642,321971308,ola.grekova989@yahoo.com
504,504,Joanna,Banasik,66021951167,934855903,joanna.banasik214@interia.pl
505,505,Barbara,Bednarz,33111594687,234667123,barbara.bednarz434@o2.pl
506,506,Czesława,Ikoniak,25030598921,793009757,czesława.ikoniak890@wp.pl
507,507,Eugenia,Rytko,31032325984,274526510,eugenia.rytko951@wp.pl
508,508,Ewa,Przybyła,89110517844,956898402,ewa.przybyła722@o2.pl
509,509,Beata,Ochocka,90042928383,690256950,beata.ochocka317@wp.pl
510,510,Klaudia,Oniszk,81072993946,694221991,klaudia.oniszk31@interia.pl
511,511,Henryka,Mider,31020286345,670137231,henryka.mider669@gmail.com
512,512,Barbara,Bednarska,48022057868,170009467,barbara.bednarska284@interia.pl
513,513,Maja,Druzgała,41072822286,413345693,maja.druzgała304@yahoo.com
514,514,Nikola,Rudner,33122733989,276383634,nikola.rudner428@interia.pl
515,515,Paulina,Jakóbczak,33042949561,294073232,paulina.jakóbczak476@yahoo.com
516,516,Barbara,Barańska,29060282229,739180919,barbara.barańska285@wp.pl
517,517,Anna,Kwiatkowska,42100931662,189473854,anna.kwiatkowska143@gmail.com
518,518,Joanna,Olczyk,47070197164,888215570,joanna.olczyk423@wp.pl
519,519,Nikola,Sigda,77070919349,911626075,nikola.sigda18@onet.pl
520,520,Anna,Pawłowska,40020825647,436967606,anna.pawłowska17@wp.pl
521,521,Anna,Kowalska,27111259442,103695961,anna.kowalska768@yahoo.com
522,522,Danuta,Gancarz,98081275127,208880612,danuta.gancarz589@wp.pl
523,523,Maria,Górska,92100219981,891707097,maria.górska370@wp.pl
524,524,Agnieszka,Jóźwiak,98121435621,447346749,agnieszka.jóźwiak174@gmail.com
525,525,Anna,Szymańska,80112661821,469281814,anna.szymańska193@wp.pl
526,526,Grażyna,Borsuk,97010121326,865854846,grażyna.borsuk501@gmail.com
527,527,Ewelina,Zembrzycka,22111581647,941702792,ewelina.zembrzycka987@o2.pl
528,528,Marta,Matuszczyk,35041132744,909600907,marta.matuszczyk112@onet.pl
529,529,Małgorzata,Kurek,69020489222,782697716,małgorzata.kurek113@gmail.com
530,530,Monika,Tymińska,99061115967,349939584,monika.tymińska221@yahoo.com
531,531,Wiktoria,Troczyńska,41100457662,844293433,wiktoria.troczyńska677@o2.pl
532,532,Marika,Wansorra,55080871761,809587577,marika.wansorra946@gmail.com
533,533,Stefanie,Bronytska,59123168386,771891968,stefanie.bronytska830@gmail.com
534,534,Magdalena,Zielonka,80123023584,926146542,magdalena.zielonka643@onet.pl
535,535,Anna,Wiśniewska,25100993849,101043233,anna.wiśniewska896@yahoo.com
536,536,Genowefa,Skórcz,90060156562,311426941,genowefa.skórcz263@interia.pl
537,537,Magda,Skrabuła,51062858265,503182709,magda.skrabuła924@interia.pl
538,538,Halina,Łucka,84080975342,885403480,halina.łucka54@gmail.com
539,539,Amelia,Wańska,33081677562,788042471,amelia.wańska870@wp.pl
540,540,Nadia,Lenicka,83092286721,892911084,nadia.lenicka642@yahoo.com
541,541,Renata,Ziętarska,69121476525,228565108,renata.ziętarska799@o2.pl
542,542,Kornelia,Haczyńska,57080996183,693867648,kornelia.haczyńska777@wp.pl
543,543,Anna,Szymańska,39110493743,979889679,anna.szymańska457@wp.pl
544,544,Joanna,Ziętek,88050669927,171709884,joanna.ziętek978@yahoo.com
545,545,Joanna,Jarząbek,70052044446,774788031,joanna.jarząbek877@gmail.com
546,546,Małgorzata,Wesołowska,89082186947,333448894,małgorzata.wesołowska161@gmail.com
547,547,Róża,Poskrop,92102374927,897459012,róża.poskrop379@gmail.com
548,548,Anna,Kozłowska,55071076966,579836949,anna.kozłowska992@gmail.com
549,549,Izabela,Cierocka,74022025668,828426742,izabela.cierocka86@interia.pl
550,550,Maria,Michalak,30102153485,304939202,maria.michalak54@gmail.com
551,551,Danuta,Strzelec,51050759222,383627673,danuta.strzelec475@interia.pl
552,552,Marta,Sabat,94082415728,555149199,marta.sabat799@interia.pl
553,553,Barbara,Przybysz,30061957168,781381298,barbara.przybysz177@gmail.com
554,554,Grażyna,Kiełkowska,84021979226,133698788,grażyna.kiełkowska390@onet.pl
555,555,Iwona,Pawełczak,55112774648,616103253,iwona.pawełczak348@o2.pl
556,556,Zofia,Brodowska,33123089942,161819576,zofia.brodowska7@wp.pl
557,557,Gabriela,Łyczywek,63111829368,494620188,gabriela.łyczywek832@interia.pl
558,558,Agnieszka,Kurowska,78011593769,598528205,agnieszka.kurowska312@yahoo.com
559,559,Ewa,Klimczak,66072991743,494274011,ewa.klimczak758@yahoo.com
560,560,Teresa,Pisarska,00231422349,297579844,teresa.pisarska834@o2.pl
561,561,Natalia,Żbikowska,73110871587,504401198,natalia.żbikowska983@yahoo.com
562,562,Ewa,Maćkowiak,41102619381,274928880,ewa.maćkowiak982@onet.pl
563,563,Aldona,Kruck,45042545142,363768157,aldona.kruck442@yahoo.com
564,564,Kazimiera,Maderak,43051747849,552949741,kazimiera.maderak766@wp.pl
565,565,Katarzyna,Mróz,78042395523,974703859,katarzyna.mróz327@wp.pl
566,566,Danuta,Glinka,87100337841,853037764,danuta.glinka53@interia.pl
567,567,Magdalena,Szafrańska,42082164326,173706383,magdalena.szafrańska760@gmail.com
568,568,Dorota,Meyer,30022256545,520194521,dorota.meyer238@onet.pl
569,569,Joanna,Sołtysiak,00251047443,157399769,joanna.sołtysiak228@interia.pl
570,570,Alicja,Janocha,75012461622,344439380,alicja.janocha578@onet.pl
571,571,Klara,Pisczor,75051961684,513623907,klara.pisczor50@gmail.com
572,572,Natalia,Labuda,02242828781,843896352,natalia.labuda608@yahoo.com
573,573,Patrycja,Bugajna,42030297186,889636829,patrycja.bugajna603@yahoo.com
574,574,Wiktoria,Barwicka,96073018848,743273060,wiktoria.barwicka263@gmail.com
575,575,Kinga,Grądkowska,60050627943,737822998,kinga.grądkowska417@interia.pl
576,576,Maria,Stępień,46040215387,306411513,maria.stępień802@gmail.com
577,577,Stanisława,Konikowska,26021741669,597572361,stanisława.konikowska95@o2.pl
578,578,Anastasiia,Masztalerek,88030149924,955324405,anastasiia.masztalerek87@wp.pl
579,579,Urszula,Wietrzyńska,71111383384,680222788,urszula.wietrzyńska77@interia.pl
580,580,Joanna,Woźnica,43083036649,687037795,joanna.woźnica287@onet.pl
581,581,Izabela,Smogorzewska,70082894129,294579233,izabela.smogorzewska119@o2.pl
582,582,Martyna,Laszkowska,97050538144,146787763,martyna.laszkowska813@interia.pl
583,583,Patrycja,Dyczkowska,41050642844,635207134,patrycja.dyczkowska490@gmail.com
584,584,Agnieszka,Bielecka,64091059844,165732489,agnieszka.bielecka911@gmail.com
585,585,Mirella,Skipper,27100162281,640564217,mirella.skipper451@gmail.com
586,586,Valentyna,Kurobiowska,68090358447,887852946,valentyna.kurobiowska499@gmail.com
587,587,Marta,Szablewska,63110796988,113470137,marta.szablewska164@onet.pl
588,588,Wiktoria,Polakiewicz,95032376364,104466271,wiktoria.polakiewicz181@o2.pl
589,589,Anna,Krawczyk,79041573923,557370368,anna.krawczyk468@yahoo.com
590,590,Iweta,Kucharava,91012287422,269124855,iweta.kucharava909@wp.pl
591,591,Milena,Zientala,83110687383,781583940,milena.zientala734@onet.pl
592,592,Agata,Rypińska,99102693786,890118380,agata.rypińska822@onet.pl
593,593,Lena,Ciężarek,99040411581,799798019,lena.ciężarek943@yahoo.com
594,594,Ewa,Kacprzak,50020537169,597576975,ewa.kacprzak977@yahoo.com
595,595,Zofia,Perkowska,02301195681,403090455,zofia.perkowska6@wp.pl
596,596,Magdalena,Majcher,24020594684,932758095,magdalena.majcher329@wp.pl
597,597,Wiktoria,Macek,73020218889,711686134,wiktoria.macek774@yahoo.com
598,598,Katarzyna,Lis,31111778128,934304257,katarzyna.lis672@gmail.com
599,599,Karina,Gandziarska,72012391142,213865200,karina.gandziarska150@onet.pl
600,600,Halina,Mazurczak,87122896126,603365595,halina.mazurczak84@interia.pl
601,601,Dorota,Rutka,29101896484,468403327,dorota.rutka146@wp.pl
602,602,Katarzyna,Wasilewska,38123054622,685848991,katarzyna.wasilewska623@wp.pl
603,603,Aneta,Berk,01211084643,917032666,aneta.berk380@yahoo.com
604,604,Milena,Bartmańska,91062158668,318825555,milena.bartmańska914@o2.pl
605,605,Sylwia,Ryguła,57102832965,424159127,sylwia.ryguła547@interia.pl
606,606,Magdalena,Cygan,28042385662,860932235,magdalena.cygan284@interia.pl
607,607,Wanda,Choi,51102063462,693435313,wanda.choi699@wp.pl
608,608,Agnieszka,Bednarek,80022365846,415109026,agnieszka.bednarek81@gmail.com
609,609,Kazimiera,Stężalska,44122628683,715418235,kazimiera.stężalska513@o2.pl
610,610,Bożena,Szynkiewicz,83012777641,651904800,bożena.szynkiewicz896@interia.pl
611,611,Aleksandra,Sekuła,44060637763,994439328,aleksandra.sekuła814@wp.pl
612,612,Jolanta,Baca,59071043481,362869948,jolanta.baca708@interia.pl
613,613,Sylwia,Kołak,65081554185,295922610,sylwia.kołak915@o2.pl
614,614,Elżbieta,Bielak,31030499186,403394218,elżbieta.bielak522@o2.pl
615,615,Ilona,Wierzbic,48012734829,922335076,ilona.wierzbic745@onet.pl
616,616,Marta,Zwierzyńska,75011551184,640906763,marta.zwierzyńska385@yahoo.com
617,617,Wioleta,Zwolennik,72082285129,684556354,wioleta.zwolennik706@yahoo.com
618,618,Antonina,Bryksa,98092232887,402480960,antonina.bryksa470@wp.pl
619,619,Katarzyna,Urbańska,79122489888,750622119,katarzyna.urbańska118@o2.pl
620,620,Helena,Motylska,70021987183,767225929,helena.motylska395@onet.pl
621,621,Zofia,Potocka,47111931148,987702570,zofia.potocka531@onet.pl
622,622,Kinga,Śniecikowska,21092914682,940916523,kinga.śniecikowska260@interia.pl
623,623,Irena,Kryszak,32112755828,202912284,irena.kryszak804@interia.pl
624,624,Halina,Rajca,28031322166,397904524,halina.rajca933@onet.pl
625,625,Roksana,Babioch,29062547764,532838238,roksana.babioch255@interia.pl
626,626,Maria,Adamczyk,36072936224,646573613,maria.adamczyk733@o2.pl
627,627,Paulina,Kijanka,65030858681,178262145,paulina.kijanka904@gmail.com
628,628,Monika,Zawisza,30042053229,267345404,monika.zawisza225@o2.pl
629,629,Anna,Kwiatkowska,66012511141,505629426,anna.kwiatkowska52@onet.pl
630,630,Kinga,Gołębowska,76032347785,607896561,kinga.gołębowska939@onet.pl
631,631,Justyna,Zubel,43053042584,886008098,justyna.zubel866@o2.pl
632,632,Roksana,Gierasimow,88010556289,471747542,roksana.gierasimow499@interia.pl
633,633,Urszula,Janke,69122283445,405752912,urszula.janke505@interia.pl
634,634,Monika,Gołaszewska,87112528446,768823641,monika.gołaszewska853@yahoo.com
635,635,Abigail,Sprysch,86091975148,396248071,abigail.sprysch363@onet.pl
636,636,Małgorzata,Szczepaniak,02210372647,681524060,małgorzata.szczepaniak279@wp.pl
637,637,Maria,Wróbel,56101665745,507486361,maria.wróbel592@yahoo.com
638,638,Marzena,Dyc,97080665249,880024777,marzena.dyc713@interia.pl
639,639,Danuta,Hałas,86122965744,199952217,danuta.hałas157@o2.pl
640,640,Danuta,Gromek,46012971743,489229565,danuta.gromek631@interia.pl
641,641,Czesława,Ekiel,26111659368,376890017,czesława.ekiel58@o2.pl
642,642,Monika,Kolasińska,83021975669,145932658,monika.kolasińska726@yahoo.com
643,643,Nina,Staińska,73012859621,236815208,nina.staińska127@onet.pl
644,644,Helena,Śledzik,42091738523,607514051,helena.śledzik735@interia.pl
645,645,Monika,Myśliwiec,97092473948,928457785,monika.myśliwiec720@o2.pl
646,646,Maria,Malinowska,39091663667,944979700,maria.malinowska881@onet.pl
647,647,Magdalena,Bartosik,95080579665,522352497,magdalena.bartosik114@wp.pl
648,648,Kamilla,Dziallek,68040588865,653805292,kamilla.dziallek208@o2.pl
649,649,Karolina,Domaradzka,96031615746,901647690,karolina.domaradzka525@yahoo.com
650,650,Agnieszka,Pająk,22031738383,647488156,agnieszka.pająk520@wp.pl
651,651,Aleksandra,Tokarczyk,59021355246,268303991,aleksandra.tokarczyk551@wp.pl
652,652,Cecylia,Szanduła,55092229143,821322712,cecylia.szanduła961@gmail.com
653,653,Barbara,Kosińska,20042032964,329698836,barbara.kosińska236@interia.pl
654,654,Wiesława,Liashenko,84070794267,237587448,wiesława.liashenko280@o2.pl
655,655,Małgorzata,Markiewicz,97091638168,306037667,małgorzata.markiewicz358@wp.pl
656,656,Felicja,Savuliak,76031919149,862097033,felicja.savuliak200@gmail.com
657,657,Iwona,Skrobisz,57011427128,845052004,iwona.skrobisz757@yahoo.com
658,658,Anna,Grabowska,35051531483,102640328,anna.grabowska277@onet.pl
659,659,Lilianna,Altukhova,98033136986,394292375,lilianna.altukhova234@o2.pl
660,660,Teresa,Borowicz,76020164648,344103359,teresa.borowicz493@wp.pl
661,661,Marzena,Jasielska,88070789281,426093538,marzena.jasielska3@interia.pl
662,662,Grażyna,Jachym,81123015542,798437615,grażyna.jachym665@gmail.com
663,663,Katarzyna,Kucharska,26092867367,648423203,katarzyna.kucharska441@wp.pl
664,664,Katarzyna,Laskowska,88052179565,624063697,katarzyna.laskowska28@interia.pl
665,665,Agnieszka,Majchrzak,35091192228,100070640,agnieszka.majchrzak108@wp.pl
666,666,Agnieszka,Sobolewska,67041724364,213442790,agnieszka.sobolewska609@o2.pl
667,667,Maria,Wróbel,31122613128,445933919,maria.wróbel726@o2.pl
668,668,Anna,Król,44120148587,489998231,anna.król804@o2.pl
669,669,Judyta,Łochmańczyk,66052491289,603011990,judyta.łochmańczyk74@yahoo.com
670,670,Katarzyna,Lis,29040277243,876346813,katarzyna.lis837@yahoo.com
671,671,Jolanta,Nieć,67091898262,365715423,jolanta.nieć145@gmail.com
672,672,Małgorzata,Lipińska,41083173641,565629220,małgorzata.lipińska127@o2.pl
673,673,Krystyna,Banasiak,37021713521,868773488,krystyna.banasiak852@interia.pl
674,674,Lena,Ptaszkiewicz,62090512267,872427446,lena.ptaszkiewicz41@wp.pl
675,675,Bożenna,Putiatycka,25072315144,103741196,bożenna.putiatycka355@onet.pl
676,676,Jadwiga,Kuraś,63062551567,119511512,jadwiga.kuraś40@interia.pl
677,677,Anna,Kowalska,40102263484,542913640,anna.kowalska933@yahoo.com
678,678,Gülçin,Valfson,69011884988,648591389,gülçin.valfson33@yahoo.com
679,679,Anna,Król,97081122163,755209744,anna.król16@interia.pl
680,680,Julia,Klimowicz,90091194489,247435376,julia.klimowicz676@yahoo.com
681,681,Irena,Kosieradzka,95040998626,122558781,irena.kosieradzka152@o2.pl
682,682,Wioleta,Nolte,43100762849,428382319,wioleta.nolte997@gmail.com
683,683,Angelika,Datsiuk,77031227384,699655128,angelika.datsiuk377@wp.pl
684,684,Renata,Kordecka,81061625663,400860757,renata.kordecka587@gmail.com
685,685,Julia,Stefanowska,03211883369,304591500,julia.stefanowska598@wp.pl
686,686,Antonina,Cikacz,30032061762,725017530,antonina.cikacz628@wp.pl
687,687,Łucja,Otolska,65011952948,529431826,łucja.otolska873@gmail.com
688,688,Anita,Sęczek,82032563386,697866672,anita.sęczek341@interia.pl
689,689,Klaudia,Zduńczuk,73082092726,329717603,klaudia.zduńczuk980@wp.pl
690,690,Katarzyna,Czarnecka,69092816627,146547339,katarzyna.czarnecka26@gmail.com
691,691,Aleksandra,Studzińska,79031326643,995678908,aleksandra.studzińska824@wp.pl
692,692,Janina,Kosmalska,97101216869,767360488,janina.kosmalska286@onet.pl
693,693,Jolanta,Stachnik,77110941682,517226642,jolanta.stachnik645@interia.pl
694,694,Bogumiła,Rydelska,71070787427,492073291,bogumiła.rydelska730@o2.pl
695,695,Magdalena,Jagiełło,98051565344,550564360,magdalena.jagiełło167@wp.pl
696,696,Maja,Marosz,88031562463,397699782,maja.marosz609@onet.pl
697,697,Natalia,Tomaszek,26021265725,988203035,natalia.tomaszek267@o2.pl
698,698,Wiesława,Przygodzińska,27031635647,959259597,wiesława.przygodzińska748@o2.pl
699,699,Ewa,Skrzypczak,88110787422,859220958,ewa.skrzypczak820@wp.pl
700,700,Jadwiga,Zabrocka,34102122988,961601151,jadwiga.zabrocka454@gmail.com
701,701,Katarzyna,Zakrzewska,53060184465,415413330,katarzyna.zakrzewska905@wp.pl
702,702,Krystyna,Jurek,83011012343,666236526,krystyna.jurek684@onet.pl
703,703,Gertruda,Dirska,63080318425,457703823,gertruda.dirska400@o2.pl
704,704,Zofia,Kalińska,52052284547,952317044,zofia.kalińska921@wp.pl
705,705,Adrianna,Lejmel,67020775567,493866308,adrianna.lejmel980@gmail.com
706,706,Grażyna,Szynal,60051158688,285588834,grażyna.szynal475@wp.pl
707,707,Anna,Krawczyk,86090864766,539980427,anna.krawczyk701@interia.pl
708,708,Alina,Lechańska,35051956543,437861656,alina.lechańska633@gmail.com
709,709,Maria,Jabłońska,76052953184,330652851,maria.jabłońska557@onet.pl
710,710,Kazimiera,Leńczyk,57122689347,840961146,kazimiera.leńczyk575@o2.pl
711,711,Anna,Wiśniewska,29021376369,110198499,anna.wiśniewska129@wp.pl
712,712,Emilia,Jarco,23081489564,942649140,emilia.jarco821@gmail.com
713,713,Barbara,Rybak,71092885484,278580630,barbara.rybak362@interia.pl
714,714,Teresa,Ziomek,56032693765,234415503,teresa.ziomek704@gmail.com
715,715,Romana,Kellermann,78112112843,270158648,romana.kellermann818@yahoo.com
716,716,Janina,Krzyżowska,96091376481,587326758,janina.krzyżowska692@interia.pl
717,717,Patrycja,Gryska,22021211841,491727212,patrycja.gryska291@onet.pl
718,718,Stanisława,Korenkiewicz,98042648827,877084596,stanisława.korenkiewicz370@o2.pl
719,719,Małgorzata,Przybylska,01270857565,347212966,małgorzata.przybylska793@onet.pl
720,720,Laura,Astramowicz,97031493321,312724958,laura.astramowicz28@wp.pl
721,721,Nataliia,Muszkowska,54080832442,339964793,nataliia.muszkowska148@gmail.com
722,722,Agnieszka,Michalik,73080362782,922617220,agnieszka.michalik778@yahoo.com
723,723,Irena,Bekier,75100827147,691434966,irena.bekier295@interia.pl
724,724,Joanna,Korzeniowska,93040914747,297206748,joanna.korzeniowska10@interia.pl
725,725,Stanisława,Guga,24020147844,533426666,stanisława.guga511@gmail.com
726,726,Anna,Woźniak,82021678961,984039498,anna.woźniak675@yahoo.com
727,727,Jolanta,Skrzypińska,89122538888,602798993,jolanta.skrzypińska112@gmail.com
728,728,Alina,Jędrachowicz,48042285984,714144587,alina.jędrachowicz186@wp.pl
729,729,Gabriela,Gołyźniak,96112066443,907582728,gabriela.gołyźniak806@onet.pl
730,730,Małgorzata,Makowska,52100924425,149437769,małgorzata.makowska743@interia.pl
731,731,Bogumiła,Stalmierska,21122089964,473507001,bogumiła.stalmierska226@wp.pl
732,732,Magdalena,Jagiełło,44072341249,607742699,magdalena.jagiełło309@onet.pl
733,733,Nikola,Przygódzka,62053169523,601947280,nikola.przygódzka97@wp.pl
734,734,Alicja,Kociszewska,90091979361,534318588,alicja.kociszewska54@yahoo.com
735,735,Agnieszka,Bukowska,33080464662,480021989,agnieszka.bukowska622@interia.pl
736,736,Gabriela,Bryzik,32042847688,461235974,gabriela.bryzik663@gmail.com
737,737,Nikola,Stypik,94052517823,856307117,nikola.stypik757@gmail.com
738,738,Ewelina,Plesińska,64051169727,963155852,ewelina.plesińska405@onet.pl
739,739,Oleksandra,Zadobiuk,72120365525,412514729,oleksandra.zadobiuk68@o2.pl
740,740,Elżbieta,Stachura,58070944489,729863816,elżbieta.stachura311@yahoo.com
741,741,Magdalena,Łapińska,35111895287,408636593,magdalena.łapińska288@onet.pl
742,742,Agnieszka,Stefańska,28021652325,709442586,agnieszka.stefańska761@o2.pl
743,743,Irena,Bielas,85092145725,985803641,irena.bielas547@wp.pl
744,744,Julia,Gawryś,96112624724,729662913,julia.gawryś750@yahoo.com
745,745,Teresa,Pyka,20053187763,449390340,teresa.pyka147@wp.pl
746,746,Halina,Kwaśny,52022814682,157235484,halina.kwaśny466@interia.pl
747,747,Joanna,Warchoł,34041427726,464375204,joanna.warchoł738@yahoo.com
748,748,Anna,Nowak,52122538424,449204103,anna.nowak243@o2.pl
749,749,Jadwiga,Paul,55081235241,633738991,jadwiga.paul490@interia.pl
750,750,Joanna,Maciąg,95040344847,585926252,joanna.maciąg848@gmail.com
751,751,Dorota,Gradowska,41051321227,618154048,dorota.gradowska957@o2.pl
752,752,Diana,Wrębel,22061966844,659891797,diana.wrębel506@onet.pl
753,753,Barbara,Czech,02282123682,369722099,barbara.czech364@gmail.com
754,754,Agata,Sarniak,00251633769,947176190,agata.sarniak481@gmail.com
755,755,Helena,Adamaszek,26111919541,777289286,helena.adamaszek200@onet.pl
756,756,Joanna,Surma,53021564486,494659116,joanna.surma153@yahoo.com
757,757,Jadwiga,Kachel,65020365265,114509187,jadwiga.kachel449@gmail.com
758,758,Olimpia,Moszej,52022583629,530434083,olimpia.moszej500@o2.pl
759,759,Monika,Drąg,22072671889,642280773,monika.drąg72@interia.pl
760,760,Martyna,Sączek,48031121169,994131451,martyna.sączek712@gmail.com
761,761,Olga,Gerczak,70051592162,458632862,olga.gerczak295@o2.pl
762,762,Danuta,Sosińska,67022882944,216595132,danuta.sosińska16@wp.pl
763,763,Leonora,Posiewko,74092552123,649702507,leonora.posiewko640@o2.pl
764,764,Sylwia,Imielska,80102947746,350844341,sylwia.imielska216@interia.pl
765,765,Alicja,Kołodyńska,27040418147,980830630,alicja.kołodyńska60@o2.pl
766,766,Martyna,Ledzińska,26031229926,848277850,martyna.ledzińska938@onet.pl
767,767,Marta,Bajorek,77041376782,771536985,marta.bajorek615@interia.pl
768,768,Martyna,Rzetelska,98122352725,444682002,martyna.rzetelska41@yahoo.com
769,769,Joanna,Jurczak,77071927363,577589542,joanna.jurczak24@wp.pl
770,770,Magda,Browne,02262398284,892214653,magda.browne38@onet.pl
771,771,Irena,Popczyk,53032016266,115814828,irena.popczyk802@yahoo.com
772,772,Magdalena,Zielonka,38110773949,148763532,magdalena.zielonka130@o2.pl
773,773,Beata,Zaniewska,85090379861,766587889,beata.zaniewska497@interia.pl
774,774,Roksana,Szperlak,51071041544,406974333,roksana.szperlak228@wp.pl
775,775,Nikola,Zawojek,50073184486,341820729,nikola.zawojek107@onet.pl
776,776,Janina,Witt,71030355929,610319067,janina.witt171@yahoo.com
777,777,Teresa,Chylińska,46050649266,173851335,teresa.chylińska434@yahoo.com
778,778,Natalia,Janikowska,64032862566,604771388,natalia.janikowska477@wp.pl
779,779,Ganna,Trukawa,89080457461,412632190,ganna.trukawa101@o2.pl
780,780,Małgorzata,Adamska,27072455222,740853352,małgorzata.adamska865@wp.pl
781,781,Nina,Sudakowska,40042644181,877558402,nina.sudakowska523@yahoo.com
782,782,Sabina,Świeściak,71080853347,458066124,sabina.świeściak274@gmail.com
783,783,Krystyna,Wąsik,41071141429,745202424,krystyna.wąsik612@onet.pl
784,784,Teresa,Nosal,59052191587,636315070,teresa.nosal43@wp.pl
785,785,Zuzanna,Pasikowska,48101898487,253382256,zuzanna.pasikowska954@yahoo.com
786,786,Mariola,Bunikowska,83121991169,456015512,mariola.bunikowska816@o2.pl
787,787,Tatiana,Kazimirek,93061588783,609379383,tatiana.kazimirek956@yahoo.com
788,788,Julietta,Agholor,79110174163,221848736,julietta.agholor16@o2.pl
789,789,Joanna,Surma,57052573921,900306292,joanna.surma329@wp.pl
790,790,Ewa,Żurek,52112822562,323807545,ewa.żurek568@o2.pl
791,791,Janina,Mrowińska,85061521561,152203051,janina.mrowińska822@interia.pl
792,792,Paulina,Rykała,93061873861,340539820,paulina.rykała496@interia.pl
793,793,Patrycja,Śmierciak,35092423969,285370428,patrycja.śmierciak814@interia.pl
794,794,Katarzyna,Szulc,77102962884,412185646,katarzyna.szulc11@gmail.com
795,795,Helena,Podstawska,31010575686,706205076,helena.podstawska317@wp.pl
796,796,Anastazja,Wikarjak,56092853787,286404943,anastazja.wikarjak591@yahoo.com
797,797,Kaja,Kliszczyk,92091866249,218975349,kaja.kliszczyk215@yahoo.com
798,798,Viktoriia,Kiedel,94060317488,850087380,viktoriia.kiedel338@gmail.com
799,799,Klara,Majdaniuk,62031679927,826346491,klara.majdaniuk775@o2.pl
800,800,Donata,Marceluk,99021183528,416953828,donata.marceluk990@gmail.com
801,801,Anna,Zając,26021819542,112842659,anna.zając660@o2.pl
802,802,Olena,Świergot,47022659681,331302370,olena.świergot80@o2.pl
803,803,Joanna,Kołakowska,96111678724,939284370,joanna.kołakowska726@onet.pl
804,804,Zofia,Zborowska,74032528124,423988920,zofia.zborowska484@yahoo.com
805,805,Halina,Łucka,38051066568,199204497,halina.łucka373@interia.pl
806,806,Valentyna,Korziewicz,37012067765,813889838,valentyna.korziewicz975@o2.pl
807,807,Urszula,Zielke,82092228964,655762920,urszula.zielke709@onet.pl
808,808,Teresa,Kondracka,84021461244,940734221,teresa.kondracka199@yahoo.com
809,809,Natalia,Kasprowicz,24021258561,291100046,natalia.kasprowicz536@interia.pl
810,810,Zdzisława,Donderowicz,39122173967,978497182,zdzisława.donderowicz465@o2.pl
811,811,Angelika,Miłobędzka,84112045849,647857780,angelika.miłobędzka88@o2.pl
812,812,Agnieszka,Kruk,68022411446,945786677,agnieszka.kruk267@gmail.com
813,813,Magdalena,Rusin,32052463584,462127221,magdalena.rusin654@gmail.com
814,814,Danuta,Moroz,78081791829,676392450,danuta.moroz570@yahoo.com
815,815,Krystyna,Zaręba,84031594848,749218703,krystyna.zaręba921@interia.pl
816,816,Justyna,Leszek,50091025844,295190712,justyna.leszek488@o2.pl
817,817,Krystyna,Kisiel,78032733445,809761994,krystyna.kisiel876@yahoo.com
818,818,Zuzanna,Pieńkosz,47011246946,232985867,zuzanna.pieńkosz537@yahoo.com
819,819,Mieczysława,Nikraszewicz,48020288925,996369993,mieczysława.nikraszewicz46@wp.pl
820,820,Ilona,Matyba,49062715185,960760799,ilona.matyba287@gmail.com
821,821,Katarzyna,Urbańska,43051168646,348523535,katarzyna.urbańska777@interia.pl
822,822,Ewa,Stańczyk,39053081267,702428359,ewa.stańczyk15@o2.pl
823,823,Karolina,Matkowska,67110666447,720716389,karolina.matkowska710@yahoo.com
824,824,Helena,Kruszona,59090985542,983289035,helena.kruszona400@o2.pl
825,825,Natalia,Swoboda,96080434941,558513815,natalia.swoboda918@wp.pl
826,826,Elżbieta,Cholewa,88041432727,615965595,elżbieta.cholewa793@interia.pl
827,827,Teresa,Kłosińska,64050857326,467907188,teresa.kłosińska980@yahoo.com
828,828,Ewa,Zarzycka,51071069821,217601287,ewa.zarzycka85@o2.pl
829,829,Marlena,Drapik,38112598166,828769657,marlena.drapik249@gmail.com
830,830,Ewelina,Stokowiec,47072577324,907974235,ewelina.stokowiec390@wp.pl
831,831,Karolina,Kuśmierczyk,31053164883,730708899,karolina.kuśmierczyk781@interia.pl
832,832,Ewelina,Wawrzyk,53010467864,693858183,ewelina.wawrzyk334@wp.pl
833,833,Grażyna,Torba,53121424428,543894457,grażyna.torba628@gmail.com
834,834,Iwona,Gostkowska,37112293781,459300273,iwona.gostkowska518@interia.pl
835,835,Danuta,Podolska,23070728566,168452891,danuta.podolska136@wp.pl
836,836,Janina,Prusinowska,32012244222,433867739,janina.prusinowska882@onet.pl
837,837,Jesika,Ter-martirosyan,29021715429,573928548,jesika.ter-martirosyan687@gmail.com
838,838,Wanda,Bejgrowicz,37092058525,142734307,wanda.bejgrowicz839@gmail.com
839,839,Kazimiera,Felkel,58041971962,972912794,kazimiera.felkel497@gmail.com
840,840,Małgorzata,Konieczna,42061376188,951098101,małgorzata.konieczna826@onet.pl
841,841,Jolanta,Sankowska,82112467261,238795966,jolanta.sankowska726@onet.pl
842,842,Danuta,Zdrojewska,64061197787,255032720,danuta.zdrojewska476@o2.pl
843,843,Katarzyna,Sokołowska,36032927266,227833288,katarzyna.sokołowska593@yahoo.com
844,844,Julia,Zawadka,49021093628,355669152,julia.zawadka222@wp.pl
845,845,Maria,Baran,47082091528,792377588,maria.baran989@o2.pl
846,846,Magdalena,Piórkowska,46111415267,373997523,magdalena.piórkowska371@wp.pl
847,847,Lucyna,Stanko,83030555162,541444812,lucyna.stanko934@yahoo.com
848,848,Aneta,Hajok,90061843366,893414363,aneta.hajok994@onet.pl
849,849,Ewelina,Bieś,88060579481,190012399,ewelina.bieś401@yahoo.com
850,850,Katarzyna,Jasińska,58032355461,798434460,katarzyna.jasińska442@onet.pl
851,851,Barbara,Kędzierska,69031853423,672025740,barbara.kędzierska489@yahoo.com
852,852,Anna,Zielińska,56032553346,791177005,anna.zielińska614@o2.pl
853,853,Katarzyna,Kołodziej,83072411666,427278114,katarzyna.kołodziej272@interia.pl
854,854,Katarzyna,Głowacka,27101576964,411545084,katarzyna.głowacka525@o2.pl
855,855,Inna,Haupe,34102789282,918327941,inna.haupe158@wp.pl
856,856,Adrianna,Burowska,85122052465,958134097,adrianna.burowska151@o2.pl
857,857,Ewa,Tokarska,92081382849,815709298,ewa.tokarska994@gmail.com
858,858,Elżbieta,Milczarek,63061846448,448590788,elżbieta.milczarek619@wp.pl
859,859,Donata,Miroska,31021958827,587114542,donata.miroska187@yahoo.com
860,860,Zuzanna,Pacan,30052592387,826607768,zuzanna.pacan812@wp.pl
861,861,Danuta,Wierzbowska,77102654929,822598337,danuta.wierzbowska97@interia.pl
862,862,Halina,Klim,37012991341,455401737,halina.klim130@onet.pl
863,863,Joanna,Piechota,94060884627,884812855,joanna.piechota804@yahoo.com
864,864,Bożena,Kurant,77011877785,644006941,bożena.kurant170@wp.pl
865,865,Marianna,Płończak,62051057929,598490609,marianna.płończak935@yahoo.com
866,866,Grażyna,Toporek,58010764263,321568250,grażyna.toporek985@yahoo.com
867,867,Daria,Trała,75022798484,294212716,daria.trała182@yahoo.com
868,868,Małgorzata,Błaszczyk,85041079765,807957764,małgorzata.błaszczyk982@onet.pl
869,869,Urszula,Polaszek,20042567826,213245302,urszula.polaszek363@o2.pl
870,870,Rachel,Osterkamp,20112438944,792585463,rachel.osterkamp38@yahoo.com
871,871,Agnieszka,Majchrzak,34120841863,643156000,agnieszka.majchrzak526@gmail.com
872,872,Alicja,Kopaczewska,02261727687,218550901,alicja.kopaczewska887@interia.pl
873,873,Sylwia,Wrocławska,36102822585,360074560,sylwia.wrocławska496@onet.pl
874,874,Monika,Młynarska,26121822848,746035632,monika.młynarska515@wp.pl
875,875,Eryka,Trzepatowska,48012631188,644339722,eryka.trzepatowska348@onet.pl
876,876,Janina,Święcka,92071722428,504288340,janina.święcka981@wp.pl
877,877,Jadwiga,Lechowska,71082214465,662171966,jadwiga.lechowska920@onet.pl
878,878,Leokadia,Santura,78022363223,714135000,leokadia.santura396@wp.pl
879,879,Anna,Kowalczyk,56082036565,440007738,anna.kowalczyk721@yahoo.com
880,880,Łucja,Łukjaniuk,64010952522,495647770,łucja.łukjaniuk160@o2.pl
881,881,Małgorzata,Domańska,46102745722,396702640,małgorzata.domańska15@wp.pl
882,882,Natalia,Kupis,76041863661,479368908,natalia.kupis492@wp.pl
883,883,Janina,Dutkowska,26112598385,372781216,janina.dutkowska425@gmail.com
884,884,Jadwiga,Pyrek,91041795446,258148712,jadwiga.pyrek107@wp.pl
885,885,Anna,Krawczyk,78062565148,807894370,anna.krawczyk893@gmail.com
886,886,Zofia,Brodowska,23052278746,674890494,zofia.brodowska449@interia.pl
887,887,Teresa,Malczewska,56060268126,200532608,teresa.malczewska310@yahoo.com
888,888,Jessica,Słyścio,03252025742,158720660,jessica.słyścio738@gmail.com
889,889,Julita,Krawińska,72081835868,342130927,julita.krawińska169@o2.pl
890,890,Bożena,Gołoś,67041376387,423664694,bożena.gołoś545@yahoo.com
891,891,Paula,Gruzińska,87081242662,592728837,paula.gruzińska413@gmail.com
892,892,Regina,Pandyra,26122167524,923407067,regina.pandyra250@yahoo.com
893,893,Natalia,Kuźmińska,69110879922,370157776,natalia.kuźmińska758@yahoo.com
894,894,Małgorzata,Leszczyńska,62033149884,247516100,małgorzata.leszczyńska780@yahoo.com
895,895,Renata,Kowalcze,80011339483,800791554,renata.kowalcze140@interia.pl
896,896,Zofia,Wdowiak,43041151522,338077364,zofia.wdowiak273@o2.pl
897,897,Anna,Wiśniewska,42051983684,465714454,anna.wiśniewska415@onet.pl
898,898,Ganna,Traskulewska,30041461748,181550308,ganna.traskulewska607@onet.pl
899,899,Alona,Kurzaja,29120153827,936512420,alona.kurzaja738@gmail.com
900,900,Irena,Sawicz,64042141585,130413513,irena.sawicz890@yahoo.com
901,901,Hanna,Powałka,46021445783,527982281,hanna.powałka38@gmail.com
902,902,Izabela,Karol,54051038363,649113938,izabela.karol813@interia.pl
903,903,Magda,Sajka,00251572763,961330509,magda.sajka28@interia.pl
904,904,Jadwiga,Tomaszewicz,82101056641,980662984,jadwiga.tomaszewicz957@wp.pl
905,905,Bożena,Karyś,35061882788,654735469,bożena.karyś476@interia.pl
906,906,Krystyna,Grzesiak,28110229687,106195200,krystyna.grzesiak317@wp.pl
907,907,Magdalena,Sołtys,80123126928,976392498,magdalena.sołtys244@o2.pl
908,908,Grażyna,Zub,33110142966,206222252,grażyna.zub747@gmail.com
909,909,Magdalena,Nawrot,48030245983,556016588,magdalena.nawrot696@o2.pl
910,910,Anna,Kozłowska,30100467447,990035971,anna.kozłowska271@interia.pl
911,911,Danuta,Ruszkowska,42111532122,650703552,danuta.ruszkowska439@o2.pl
912,912,Dominika,Rochowska,03260927764,837448816,dominika.rochowska747@o2.pl
913,913,Joanna,Porębska,27051253386,130061031,joanna.porębska238@o2.pl
914,914,Marlena,Sierecka,74121148927,607356959,marlena.sierecka376@interia.pl
915,915,Oliwia,Rosikoń,44081783823,301418785,oliwia.rosikoń265@yahoo.com
916,916,Patrycja,Baszyńska,39021841864,564555355,patrycja.baszyńska925@o2.pl
917,917,Adrianna,Brommer,43090886965,180197726,adrianna.brommer920@wp.pl
918,918,Maria,Baran,82102153262,587726151,maria.baran358@interia.pl
919,919,Barbara,Kubicka,69030551186,195282726,barbara.kubicka339@o2.pl
920,920,Eugenia,Słychan,98010253826,836901273,eugenia.słychan388@yahoo.com
921,921,Eliza,Kręciołek,33041723986,187220897,eliza.kręciołek576@interia.pl
922,922,Maria,Wróblewska,33073035563,195856757,maria.wróblewska989@onet.pl
923,923,Wiesława,Kiczyńska,23072889829,449487874,wiesława.kiczyńska688@yahoo.com
924,924,Anna,Kowalczyk,82040169868,186601594,anna.kowalczyk2@wp.pl
925,925,Agnieszka,Wójtowicz,84071087427,348151345,agnieszka.wójtowicz428@o2.pl
926,926,Małgorzata,Przybylska,32081073842,538866187,małgorzata.przybylska141@onet.pl
927,927,Aleksandra,Świątkowska,67040276985,385124544,aleksandra.świątkowska375@onet.pl
928,928,Julia,Wicher,22100381285,322938165,julia.wicher669@interia.pl
929,929,Róża,Sattler,47082212826,361726596,róża.sattler323@onet.pl
930,930,Beata,Wiewióra,86021833744,479710429,beata.wiewióra145@wp.pl
931,931,Małgorzata,Jarosz,47070257169,643973085,małgorzata.jarosz957@wp.pl
932,932,Joanna,Koper,02271244365,279606266,joanna.koper292@gmail.com
933,933,Anna,Kowalska,43040168646,759203896,anna.kowalska664@wp.pl
934,934,Anna,Woźniak,96110468667,486357648,anna.woźniak431@yahoo.com
935,935,Beata,Lubańska,76050813361,675591023,beata.lubańska704@onet.pl
936,936,Jolanta,Iwińska,67091018163,223620654,jolanta.iwińska948@wp.pl
937,937,Elżbieta,Jaśkiewicz,89060639247,832445590,elżbieta.jaśkiewicz974@interia.pl
938,938,Natalia,Guzowska,75012913549,122064334,natalia.guzowska584@gmail.com
939,939,Katarzyna,Zakrzewska,34080669361,248899044,katarzyna.zakrzewska398@onet.pl
940,940,Maja,Metelska,63031689644,616725588,maja.metelska816@gmail.com
941,941,Julia,Skuza,72021423623,698552461,julia.skuza888@onet.pl
942,942,Barbara,Owczarek,25030849881,976515905,barbara.owczarek343@interia.pl
943,943,Alicja,Gross,79061439649,336415050,alicja.gross963@gmail.com
944,944,Krystyna,Biernat,53111996364,757778790,krystyna.biernat139@o2.pl
945,945,Aleksandra,Kmieć,32042134669,685711013,aleksandra.kmieć186@yahoo.com
946,946,Małgorzata,Konieczna,38012411349,603643839,małgorzata.konieczna804@yahoo.com
947,947,Kamila,Słabkowska,79060544584,162468859,kamila.słabkowska60@onet.pl
948,948,Joanna,Gadomska,42053018669,532020261,joanna.gadomska996@o2.pl
949,949,Marzenna,Nazaryan,98060391583,564233777,marzenna.nazaryan938@gmail.com
950,950,Karolina,Narloch,61110721926,486193505,karolina.narloch379@o2.pl
951,951,Agnieszka,Romanowska,63021692649,686882897,agnieszka.romanowska709@o2.pl
952,952,Oliwia,Bebel,40122967922,710933533,oliwia.bebel806@gmail.com
953,953,Marzena,Ładzińska,57080567941,335431246,marzena.ładzińska439@interia.pl
954,954,Iga,Łyga,52080587621,905198682,iga.łyga318@o2.pl
955,955,Małgorzata,Tomczak,46022048749,490850994,małgorzata.tomczak301@o2.pl
956,956,Alina,Chustecka,50031542563,762106558,alina.chustecka343@interia.pl
957,957,Bogusława,Okręt,98110425666,522004019,bogusława.okręt10@o2.pl
958,958,Aleksandra,Wolna,36112086964,303780344,aleksandra.wolna61@o2.pl
959,959,Dorota,Jaromin,98072621766,160084389,dorota.jaromin844@o2.pl
960,960,Hanna,Kobryń,21032449265,962903776,hanna.kobryń225@yahoo.com
961,961,Magdalena,Wasiak,77081361269,244538583,magdalena.wasiak152@wp.pl
962,962,Anita,Kalabis,95040792886,789218894,anita.kalabis710@interia.pl
963,963,Ewelina,Jędraszak,35022892885,729396475,ewelina.jędraszak563@o2.pl
964,964,Sabina,Dobrołowicz,72011378946,305984285,sabina.dobrołowicz771@yahoo.com
965,965,Dorota,Szabłowska,41061452867,624358390,dorota.szabłowska570@interia.pl
966,966,Grażyna,Bondar,24080736329,201370985,grażyna.bondar583@onet.pl
967,967,Ewa,Augustyniak,94011375587,582598450,ewa.augustyniak659@onet.pl
968,968,Zofia,Sułkowska,34031166282,948865360,zofia.sułkowska860@o2.pl
969,969,Marzena,Muranowicz,60050372522,956934532,marzena.muranowicz574@yahoo.com
970,970,Bernadetta,Śpiak,92050479169,299594780,bernadetta.śpiak309@yahoo.com
971,971,Agnieszka,Kowal,94072146429,731675779,agnieszka.kowal884@interia.pl
972,972,Maria,Wieczorek,68100877168,999137673,maria.wieczorek242@interia.pl
973,973,Maria,Sikora,32020599349,858438071,maria.sikora492@yahoo.com
974,974,Beata,Migdał,69032928722,495529616,beata.migdał365@interia.pl
975,975,Alina,Demarczyk,02241874745,181251088,alina.demarczyk329@yahoo.com
976,976,Krystyna,Ślusarczyk,45030393166,135409403,krystyna.ślusarczyk106@wp.pl
977,977,Jadwiga,Kiełczewska,79031178981,384481363,jadwiga.kiełczewska225@yahoo.com
978,978,Grażyna,Spałek,30091228881,998231255,grażyna.spałek824@onet.pl
979,979,Laura,Chołodecka,86021798382,296972612,laura.chołodecka217@interia.pl
980,980,Barbara,Kędzierska,22032647943,618856453,barbara.kędzierska936@yahoo.com
981,981,Anna,Kowalczyk,30041143941,518387393,anna.kowalczyk752@yahoo.com
982,982,Jolanta,Stepaniuk,61110978748,438235596,jolanta.stepaniuk505@interia.pl
983,983,Teresa,Widera,53042976381,998209917,teresa.widera258@wp.pl
984,984,Aleksandra,Kmieć,96052433426,672952298,aleksandra.kmieć887@wp.pl
985,985,Amelia,Siadak,84071928621,442093866,amelia.siadak773@interia.pl
986,986,Aneta,Banat,99092182769,493261002,aneta.banat516@gmail.com
987,987,Katarzyna,Duda,90072767529,425830514,katarzyna.duda772@interia.pl
988,988,Paulina,Frej,48060449823,260045166,paulina.frej53@interia.pl
989,989,Lucyna,Siłuch,52071963481,653534200,lucyna.siłuch46@wp.pl
990,990,Eugenia,Bachaj,45091439289,649952694,eugenia.bachaj726@wp.pl
991,991,Anna,Nowak,21102618429,464067663,anna.nowak688@interia.pl
992,992,Nikola,Kuniewicz,27051027448,752417118,nikola.kuniewicz520@interia.pl
993,993,Anna,Grabowska,39051476641,745535690,anna.grabowska98@interia.pl
994,994,Aneta,Haratyk,85092971863,696258165,aneta.haratyk19@wp.pl
995,995,Urszula,Pielech,35031735526,948975759,urszula.pielech889@interia.pl
996,996,Victoria,Bodlas,41061091464,705052423,victoria.bodlas752@interia.pl
997,997,Sylwia,Kleban,22061752225,873383043,sylwia.kleban572@o2.pl
998,998,Maria,Rutkowska,71111963922,881168999,maria.rutkowska890@gmail.com
999,999,Izabela,Papierska,45011683482,943967363,izabela.papierska489@onet.pl
